{"cameraMode":{"drawMode":0,"name":"Shaded","section":"Shading Mode"},"sceneLighting":true,"audioPlay":false,"sceneViewState":{"m_AlwaysRefresh":false,"showFog":true,"showSkybox":true,"showFlares":true,"showImageEffects":true,"showParticleSystems":true,"showVisualEffectGraphs":true,"m_FxEnabled":true},"in2DMode":false,"pivot":{"x":36.535030364990237,"y":0.4651569128036499,"z":128.87332153320313},"rotation":{"x":0.08763863891363144,"y":-0.8704081177711487,"z":0.16784781217575074,"w":0.45446664094924929},"size":0.31945234537124636,"orthographic":false}